City_ID,City,Country,Lat,Lng,Max Temp,Humidity,Cloudiness,Wind Speed
0,Linxia,CN,35.6003,103.2064,267.27,82,94,0.42
1,Samarai,PG,-10.6167,150.6667,300.91,74,100,2.92
2,Rikitea,PF,-23.1203,-134.9692,299.9,69,33,5.3
3,Vaini,TO,-21.2,-175.2,299.15,89,75,3.09
4,Ushuaia,AR,-54.8,-68.3,280.15,61,75,11.83
5,George,ZA,-33.963,22.4617,292.15,94,75,2.06
6,Mahebourg,MU,-20.4081,57.7,297.15,83,20,3.09
7,Jamestown,US,42.097,-79.2353,275.37,93,90,5.24
8,Jiayuguan,CN,39.8167,98.3,264.97,79,90,1.96
9,Byron Bay,AU,-28.65,153.6167,295.15,94,14,2.69
10,Kaitangata,NZ,-46.2817,169.8464,290.37,66,100,1.77
11,Moron,AR,-34.6534,-58.6198,307.04,51,90,3.6
12,Hilo,US,19.7297,-155.09,297.15,73,90,4.63
13,Barrow,US,71.2906,-156.7887,250.15,77,90,2.57
14,Hermanus,ZA,-34.4187,19.2345,290.93,83,6,2.28
15,Cherskiy,RU,68.75,161.3,235.6,81,97,1.39
16,Port Alfred,ZA,-33.5906,26.891,293.71,95,87,1.34
17,Robertsport,LR,6.7533,-11.3686,299.79,81,0,4.38
18,Thompson,CA,55.7435,-97.8558,253.15,65,40,1.54
19,Katsuura,JP,35.1333,140.3,281.15,87,75,2.57
20,Dikson,RU,73.5069,80.5464,241.89,85,100,2.73
21,Hobart,AU,-42.8794,147.3294,284.82,66,75,5.14
22,Aberdeen,GB,57.1437,-2.0981,274.15,100,75,0.51
23,Alice Town,BS,25.7167,-79.3,296.53,82,0,5.76
24,Punta Arenas,CL,-53.15,-70.9167,283.15,46,20,14.4
25,Trelew,AR,-43.249,-65.3051,297.7,19,98,8.77
26,Ibara,JP,34.6,133.4667,280.37,97,82,1.45
27,Coquimbo,CL,-29.9533,-71.3436,292.15,72,40,5.14
28,Makakilo City,US,21.3469,-158.0858,298.15,69,1,3.6
29,Yellowknife,CA,62.456,-114.3525,248.15,70,75,4.12
30,Diu,IN,20.7141,70.9822,290.5,30,0,4.09
31,Rurrenabaque,BO,-14.4413,-67.5278,300.15,94,75,3.46
32,Nisia Floresta,BR,-6.0911,-35.2086,302.15,70,20,8.23
33,Sisimiut,GL,66.9395,-53.6735,260.49,92,80,2.19
34,Faanui,PF,-16.4833,-151.75,300.51,74,20,7.12
35,Mount Isa,AU,-20.7333,139.5,298.15,83,99,1.03
36,Marawi,PH,7.9986,124.2928,296.48,94,100,1.79
37,Tuktoyaktuk,CA,69.4541,-133.0374,247.15,76,75,5.66
38,Lavrentiya,RU,65.5833,-171.0,253.24,87,65,2.22
39,Kampot,KH,10.6167,104.1833,296.15,94,20,1.03
40,Carutapera,BR,-1.195,-46.02,300.33,77,28,3.11
41,Bonthe,SL,7.5264,-12.505,299.29,79,0,4.12
42,Porto Belo,BR,-27.1578,-48.5531,300.37,78,75,4.63
43,Rocha,UY,-34.4833,-54.3333,303.74,45,23,4.96
44,Nagato,JP,34.3833,131.2,283.15,81,75,4.63
45,Atambua,ID,-9.1061,124.8925,296.69,90,99,1.55
46,Albany,US,42.6001,-73.9662,270.37,74,100,3.51
47,Torbay,CA,47.6666,-52.7314,274.26,100,90,8.75
48,Baiyin,CN,36.5583,104.2081,268.71,72,0,4.0
49,Cape Town,ZA,-33.9258,18.4232,293.71,77,20,8.75
50,Pevek,RU,69.7008,170.3133,238.47,85,45,1.25
51,Kapaa,US,22.0752,-159.319,298.15,83,90,8.75
52,Bredasdorp,ZA,-34.5322,20.0403,290.15,77,2,0.51
53,Busselton,AU,-33.65,115.3333,285.93,94,48,5.2
54,Bonfim,BR,3.0833,-59.95,306.25,40,44,5.61
55,College,US,64.8569,-147.8028,246.48,69,40,1.54
56,Caravelas,BR,-17.7125,-39.2481,298.96,75,100,3.23
57,Acarau,BR,-2.8856,-40.12,301.21,73,100,7.4
58,Tecoanapa,MX,16.5167,-98.75,301.77,54,0,4.86
59,Camabatela,AO,-8.1881,15.375,291.31,97,99,0.76
60,Banda Aceh,ID,5.5577,95.3222,298.82,78,64,1.29
61,Ostrovnoy,RU,68.0531,39.5131,259.32,94,100,8.14
62,Vanimo,PG,-2.6741,141.3028,298.74,83,100,2.13
63,Bluff,NZ,-46.6,168.3333,294.82,55,100,5.36
64,Ribeira Grande,PT,38.5167,-28.7,291.15,88,75,8.75
65,Pedernales,DO,18.0384,-71.744,302.15,52,67,0.74
66,Pisco,PE,-13.7,-76.2167,299.15,57,4,12.35
67,Alice Springs,AU,-23.7,133.8833,298.15,88,90,2.06
68,Yaan,NG,7.3833,8.5667,302.05,15,99,1.34
69,Esperance,AU,-33.8667,121.9,289.15,82,100,6.17
70,Guerrero Negro,MX,27.9769,-114.0611,289.69,46,0,8.58
71,Muana,BR,-1.5283,-49.2167,300.1,88,100,2.61
72,Leningradskiy,RU,69.3833,178.4167,245.23,86,100,3.86
73,Saint George,US,37.1041,-113.5841,277.15,52,1,2.06
74,Mareeba,AU,-17.0,145.4333,297.15,83,75,5.66
75,San Patricio,US,28.017,-97.5169,298.71,57,75,4.12
76,Souillac,MU,-20.5167,57.5167,297.15,83,20,3.09
77,Nuuk,GL,64.1835,-51.7216,267.15,73,75,4.12
78,Tateyama,JP,34.9833,139.8667,281.15,87,75,2.57
79,Millbrook,US,32.4799,-86.3619,294.26,49,90,1.25
80,Butaritari,KI,3.0707,172.7902,300.05,75,3,1.87
81,Kodiak,US,57.79,-152.4072,275.15,60,1,3.09
82,Port Lincoln,AU,-34.7333,135.8667,289.55,74,98,6.85
83,Tura,IN,25.5198,90.2201,286.38,59,0,1.19
84,Portland,US,45.5234,-122.6762,278.15,65,75,8.75
85,Aitape,PG,-3.1374,142.3475,298.85,84,100,3.15
86,Apac,UG,1.9756,32.5386,297.29,33,76,2.1
87,Sitka,US,57.0531,-135.33,274.15,64,20,1.54
88,Goure,NE,13.9835,10.2704,297.59,7,39,2.68
89,Berlevag,NO,70.8578,29.0864,269.15,86,75,14.4
90,Hambantota,LK,6.1241,81.1185,295.95,76,100,6.92
91,Upernavik,GL,72.7868,-56.1549,256.17,90,100,5.69
92,Provideniya,RU,64.3833,-173.3,259.15,78,90,4.0
93,Tasiilaq,GL,65.6145,-37.6368,261.15,52,90,6.17
94,Westport,US,41.1415,-73.3579,273.15,86,90,5.66
95,Avarua,CK,-21.2078,-159.775,303.15,70,72,7.2
96,Touros,BR,-5.1989,-35.4608,301.15,69,0,7.2
97,Lakes Entrance,AU,-37.8811,147.981,285.93,1,8,2.68
98,Mataura,NZ,-46.1927,168.8643,294.82,55,100,5.36
99,Tuatapere,NZ,-46.1333,167.6833,295.37,55,100,5.81
100,Castro,BR,-24.7911,-50.0119,296.52,81,100,3.0
101,Rovaniemi,FI,66.5,25.7167,269.15,93,90,3.6
102,Orange Cove,US,36.6244,-119.3137,283.15,87,75,3.09
103,Beira,MZ,-19.8436,34.8389,300.93,83,40,2.84
104,Saint Anthony,US,45.0205,-93.218,266.48,58,1,2.57
105,Inhambane,MZ,-23.865,35.3833,300.15,89,20,2.57
106,Isangel,VU,-19.55,169.2667,300.15,83,75,9.49
107,Port Augusta,AU,-32.5,137.7667,292.15,68,90,4.63
108,Dunedin,NZ,-45.8742,170.5036,295.37,39,76,4.02
109,Kalaleh,IR,37.3807,55.4916,280.59,53,100,0.41
110,Araouane,ML,18.9048,-3.5265,295.82,15,0,4.63
111,Balkanabat,TM,39.5108,54.3671,277.79,65,77,2.96
112,Nanortalik,GL,60.1432,-45.2371,264.26,83,0,3.54
113,Lehigh Acres,US,26.6254,-81.6248,300.37,61,1,5.14
114,Okha,RU,53.5739,142.9478,252.73,89,100,3.56
115,Saint-Philippe,RE,-21.3585,55.7679,298.15,69,0,2.57
116,Jardim,BR,-21.4803,-56.1381,302.92,66,92,3.65
117,Eureka,US,40.8021,-124.1637,279.26,63,100,4.02
118,Surin,TH,14.8818,103.4936,296.48,67,47,3.68
119,Hailar,CN,49.2,119.7,249.35,90,60,5.27
120,Atuona,PF,-9.8,-139.0333,298.79,77,4,7.93
121,Srednekolymsk,RU,67.45,153.6833,238.55,83,100,4.69
122,Beloha,MG,-25.1667,45.05,297.0,80,84,4.61
123,Mount Gambier,AU,-37.8333,140.7667,284.15,71,75,4.12
124,Nikolskoye,RU,59.7035,30.7861,274.82,93,75,4.0
125,Korla,CN,41.7597,86.1469,266.47,82,0,0.98
126,Diebougou,BF,10.9667,-3.25,300.43,15,0,2.08
127,Ukiah,US,39.1502,-123.2078,278.15,75,90,3.9
128,Hithadhoo,MV,-0.6,73.0833,299.08,84,71,4.93
129,Puerto Ayora,EC,-0.7393,-90.3518,299.26,83,75,4.12
130,Nouadhibou,MR,20.931,-17.0347,293.15,73,0,5.14
131,Nautla,MX,20.2167,-96.7833,299.65,74,1,5.77
132,Bandarbeyla,SO,9.4942,50.8122,295.83,78,4,8.56
133,Qinzhou,CN,21.95,108.6167,289.0,61,0,2.26
134,Poum,NC,-20.2333,164.0167,300.11,76,100,7.22
135,Bethel,US,41.3712,-73.414,271.15,80,90,3.09
136,Kruisfontein,ZA,-34.0033,24.7314,295.37,82,5,0.89
137,Majene,ID,-3.5403,118.9707,298.92,75,94,2.86
138,Gondanglegi,ID,-7.7479,112.0132,297.08,84,100,1.01
139,New Norfolk,AU,-42.7826,147.0587,284.82,68,1,0.45
140,Zhuhai,CN,22.2769,113.5678,292.15,77,20,5.14
141,Novaya Lyalya,RU,59.055,60.599,268.24,95,10,3.77
142,Lebu,CL,-37.6167,-73.65,288.57,64,0,8.59
143,Constitucion,CL,-35.3333,-72.4167,292.23,51,0,6.44
144,Georgetown,MY,5.4112,100.3354,299.82,94,20,2.25
145,Undory,RU,54.6085,48.3928,266.15,100,90,6.0
146,Arraial Do Cabo,BR,-22.9661,-42.0278,302.15,65,0,7.72
147,Huarmey,PE,-10.0681,-78.1522,298.16,63,97,5.5
148,Chase,CA,50.8165,-119.6857,274.26,80,88,0.51
149,Severo-Yeniseyskiy,RU,60.3725,93.0408,232.11,80,33,1.63
150,Aklavik,CA,68.2191,-135.0107,249.15,84,72,2.06
151,Qaanaaq,GL,77.484,-69.3632,248.7,64,0,3.98
152,Ola,RU,59.5833,151.2833,249.83,85,99,5.04
153,Walla Walla,US,46.0646,-118.343,276.48,69,1,1.54
154,Komsomolskiy,UZ,40.4272,71.7189,269.15,74,0,3.09
155,Walvis Bay,NA,-22.9575,14.5053,293.71,82,22,2.57
156,Viedma,AR,-40.8135,-62.9967,296.48,50,3,9.03
157,Mana,GF,5.6592,-53.7767,299.17,80,86,5.44
158,Aripuana,BR,-9.1667,-60.6333,303.19,64,100,1.07
159,Khash,IR,28.2211,61.2158,276.53,52,0,1.55
160,Riyadh,SA,24.6877,46.7219,289.15,23,0,2.06
161,Khatanga,RU,71.9667,102.5,241.71,82,47,3.76
162,Montepuez,MZ,-13.1256,38.9997,294.38,96,83,1.32
163,Hami,CN,42.8,93.45,266.08,80,12,3.42
164,Barra Do Garcas,BR,-15.89,-52.2567,302.15,58,75,2.06
165,Coihaique,CL,-45.5752,-72.0662,286.15,58,75,3.6
166,Puqi,CN,29.7167,113.8833,279.37,72,44,0.36
167,Port Hedland,AU,-20.3167,118.5667,298.15,88,48,3.6
168,Mandera,KE,3.9366,41.867,301.63,23,0,4.06
169,Kahului,US,20.8947,-156.47,298.15,65,40,8.75
170,Richards Bay,ZA,-28.783,32.0377,299.68,79,100,2.6
171,Talnakh,RU,69.4865,88.3972,242.46,81,100,4.12
172,Dingle,PH,10.9995,122.6711,295.78,90,95,3.24
173,Victoria,HK,22.2855,114.1577,292.04,78,0,0.45
174,Tiksi,RU,71.6872,128.8694,235.01,83,95,0.98
175,Port Moresby,PG,-9.4431,147.1797,297.15,94,20,5.14
176,Baykit,RU,61.67,96.37,230.48,72,55,0.86
177,Vostok,RU,46.4856,135.8833,262.05,96,100,1.79
178,Barra Patuca,HN,15.8,-84.2833,301.37,68,15,6.84
179,Scarborough,GB,54.2797,-0.4044,275.37,93,97,1.79
180,Marsh Harbour,BS,26.5412,-77.0636,297.95,74,39,5.84
181,Nantucket,US,41.2835,-70.0995,275.15,69,90,2.57
182,Fortuna,US,40.5982,-124.1573,278.71,93,1,12.86
183,Ugoofaaru,MV,5.6667,73.0,300.35,60,100,3.91
184,East London,ZA,-33.0153,27.9116,296.83,79,100,4.73
185,Brae,GB,60.3964,-1.353,272.15,74,0,0.51
186,Nuevo Progreso,MX,23.1667,-97.95,301.48,55,1,4.92
187,Meulaboh,ID,4.1363,96.1285,297.92,86,95,1.93
188,Adrar,MR,20.5022,-10.0711,295.27,17,0,3.35
189,Rundu,NA,-17.9333,19.7667,293.52,91,100,1.0
190,Namatanai,PG,-3.6667,152.4333,300.42,79,100,2.31
191,Alihe,CN,50.5667,123.7167,246.62,83,78,1.94
192,Orangeburg,US,33.4918,-80.8557,295.37,83,40,4.63
193,Avera,US,33.194,-82.5271,295.15,94,90,3.09
194,Half Moon Bay,US,37.4636,-122.4286,284.26,76,1,6.17
195,Ixtapa,MX,20.7,-105.2,296.15,64,1,5.14
196,Dubbo,AU,-32.25,148.6167,296.15,78,90,2.06
197,Tukrah,LY,32.5341,20.5791,289.57,74,86,12.97
198,Lata,PT,40.1629,-8.3327,288.71,96,100,1.15
199,Cabo San Lucas,MX,22.8909,-109.9124,294.26,59,40,5.14
200,Qui Nhon,VN,13.7667,109.2333,294.61,87,84,3.53
201,Salisbury,GB,51.0693,-1.7957,280.93,100,75,5.66
202,Sangar,RU,63.9242,127.4739,224.85,67,77,2.04
203,Dongsheng,CN,39.8161,109.9776,265.7,81,100,4.76
204,Saskylakh,RU,71.9167,114.0833,236.63,82,6,1.2
205,Panaba,MX,21.2833,-88.2667,303.75,56,0,6.05
206,Ahipara,NZ,-35.1667,173.1667,293.92,75,0,0.73
207,Lalibela,ET,12.0333,39.0333,286.12,32,0,3.56
208,Carnarvon,AU,-24.8667,113.6333,294.15,73,8,9.26
209,Hun,LY,29.1268,15.9477,290.97,34,0,7.35
210,Chokurdakh,RU,70.6333,147.9167,239.83,81,100,2.86
211,Hwange,ZW,-18.3693,26.5019,292.7,97,100,2.08
212,Taunsa,PK,30.7048,70.6505,282.32,43,0,0.04
213,Codrington,AU,-38.2667,141.9667,285.06,74,49,5.34
214,Tiznit,MA,29.5833,-9.5,292.16,43,0,1.45
215,Karratha,AU,-20.7377,116.8463,302.38,24,15,5.73
216,Port Macquarie,AU,-31.4333,152.9167,295.15,100,5,0.43
217,San Cristobal,VE,7.7669,-72.225,303.15,54,40,4.63
218,Goderich,CA,43.7501,-81.7165,270.15,93,100,4.63
219,Semey,KZ,50.4111,80.2275,263.17,96,100,4.61
220,Wicklow,IE,53.0,-6.4167,283.15,93,75,6.17
221,Necochea,AR,-38.5473,-58.7368,297.03,74,89,5.07
222,Noumea,NC,-22.2763,166.4572,299.82,73,0,1.03
223,Tongchuan,CN,35.0806,109.0897,274.38,73,99,1.78
224,Chuy,UY,-33.6971,-53.4616,302.91,52,26,3.41
225,Baruun-Urt,MN,46.6806,113.2792,247.61,81,0,3.78
226,Ulladulla,AU,-35.35,150.4667,291.48,100,90,4.63
227,Conakry,GN,9.538,-13.6773,299.83,74,0,4.64
228,Cockburn Town,TC,21.4612,-71.1419,299.15,65,40,5.14
229,Basco,PH,20.4487,121.9702,295.35,77,39,9.46
230,Cap Malheureux,MU,-19.9842,57.6142,297.59,77,28,1.34
231,Longyearbyen,SJ,78.2186,15.6401,258.15,39,0,8.75
232,Zadar,HR,44.1197,15.2422,271.15,80,0,0.51
233,Iquique,CL,-20.2208,-70.1431,297.15,60,0,9.77
234,Uddevalla,SE,58.3478,11.9424,268.15,93,0,1.03
235,Riberalta,BO,-10.9833,-66.1,303.15,66,75,5.14
236,Uniontown,US,39.9001,-79.7164,281.48,54,56,0.89
237,Laguna,US,38.421,-121.4238,283.15,57,75,5.14
238,Carauari,BR,-4.8828,-66.8958,303.02,74,100,1.23
239,Sol-Iletsk,RU,51.1631,54.9918,270.8,98,100,5.67
240,Kendari,ID,-3.945,122.4989,297.93,87,100,0.88
241,Sarany,RU,58.5,58.8833,267.58,98,100,5.67
242,Flinders,AU,-34.5833,150.8552,294.82,81,100,3.13
243,Mayo,US,38.8876,-76.5119,275.93,100,90,1.54
244,Vallenar,CL,-28.5708,-70.7581,301.48,25,0,3.92
245,Sao Joao Da Barra,BR,-21.6403,-41.0511,302.15,58,0,10.29
246,Caluquembe,AO,-13.7833,14.6833,290.59,59,50,3.73
247,Xining,CN,36.6167,101.7667,262.15,81,31,1.14
248,Kavieng,PG,-2.5744,150.7967,301.39,74,100,3.88
249,Clyde River,CA,70.4692,-68.5914,258.15,72,40,12.35
250,Sambava,MG,-14.2667,50.1667,299.35,76,100,0.65
251,Sao Gabriel Da Cachoeira,BR,-0.1303,-67.0892,304.15,66,40,3.09
252,Pavlodar,KZ,52.3,76.95,270.15,86,0,5.0
253,Piacabucu,BR,-10.4056,-36.4344,300.0,74,99,5.76
254,Mahon,ES,39.8885,4.2658,284.15,71,20,5.14
255,Kuznechnoye,RU,61.12,29.8686,273.71,93,100,4.04
256,Iqaluit,CA,63.7506,-68.5145,254.26,71,20,9.26
257,Hamilton,US,39.1834,-84.5333,280.37,76,90,6.69
258,Vanavara,RU,60.34,102.2797,231.09,80,28,0.69
259,Takhtamygda,RU,54.1,123.5667,246.61,84,100,4.3
260,Saint-Georges,GD,12.0564,-61.7485,301.15,65,40,9.26
261,Hasaki,JP,35.7333,140.8333,280.15,93,75,1.54
262,Hope,US,33.6671,-93.5916,293.71,38,0,2.68
263,Tahe,CN,52.3333,124.7333,247.92,88,100,1.76
264,Sao Sebastiao,BR,-23.76,-45.4097,300.33,80,98,0.56
265,Ayios Athanasios,GR,41.0667,24.25,278.15,90,100,2.68
266,Ilulissat,GL,69.2167,-51.1,262.15,62,75,8.75
267,Pioner,RU,55.3166,85.9508,246.15,76,40,4.0
268,Correntina,BR,-13.3433,-44.6367,304.28,42,23,1.66
269,Amahai,ID,-3.3333,128.9167,302.59,77,89,0.89
270,Geraldton,AU,-28.7667,114.6,292.85,75,12,7.11
271,Luena,AO,-11.7833,19.9167,290.55,95,100,2.94
272,Lorengau,PG,-2.0226,147.2712,301.42,75,99,4.48
273,Palu,ID,-0.8917,119.8707,296.99,76,100,0.83
274,Eustis,US,28.8528,-81.6853,299.15,61,75,2.57
275,Epe,NG,6.5841,3.9834,299.42,82,0,3.51
276,Buraydah,SA,26.326,43.975,289.15,48,0,1.54
277,Sadri,IN,25.1833,73.4333,285.11,39,0,2.19
278,Natal,BR,-5.795,-35.2094,302.15,70,20,8.23
279,Dombarovskiy,RU,50.7587,59.5386,266.48,97,94,3.35
280,Hovd,MN,48.0056,91.6419,253.19,77,0,0.55
281,Tazovskiy,RU,67.4667,78.7,240.14,85,100,4.86
282,Kirakira,SB,-10.4544,161.9205,301.91,77,84,5.87
283,Salinopolis,BR,-0.6136,-47.3561,301.31,74,100,4.91
284,Los Andes,CL,-32.8337,-70.5983,303.71,67,24,1.34
285,Mtwara,TZ,-10.2667,40.1833,299.15,89,20,4.12
286,Taltal,CL,-25.4,-70.4833,295.87,54,22,4.19
287,Krasnomayskiy,RU,57.6194,34.4099,273.42,97,100,5.32
288,Port Elizabeth,ZA,-33.918,25.5701,293.15,94,75,4.12
289,Havoysund,NO,70.9963,24.6622,270.15,68,98,11.32
290,Umm Lajj,SA,25.0213,37.2685,295.96,69,0,1.91
291,Goodyear,US,33.4353,-112.3582,284.82,46,75,5.66
292,Moerai,PF,-22.4333,-151.3333,300.11,77,0,6.16
293,Ancud,CL,-41.8697,-73.8203,290.15,48,75,4.63
294,Miandoab,IR,36.9694,46.1027,270.25,89,0,0.99
295,Krasnyye Barrikady,RU,46.2045,47.8535,270.93,93,75,3.0
296,Fairbanks,US,64.8378,-147.7164,246.48,76,75,0.57
297,West Plains,US,36.7281,-91.8524,277.59,75,90,4.12
298,Lowicz,PL,52.1071,19.9453,273.71,10,100,6.29
299,Zabol,AF,32.25,67.25,272.2,74,0,0.35
300,Kurskaya,RU,44.05,44.45,274.5,89,57,2.46
301,Chirgaon,IN,25.5833,78.8167,281.71,54,0,1.69
302,Belmonte,BR,-15.8631,-38.8828,300.15,65,20,4.12
303,Narsaq,GL,60.9167,-46.05,268.15,30,20,10.29
304,Grindavik,IS,63.8424,-22.4338,270.15,50,0,9.26
305,Ngunguru,NZ,-35.6167,174.5,293.15,83,68,1.34
306,Kavaratti,IN,10.5669,72.642,300.39,68,0,4.63
307,Mar Del Plata,AR,-38.0023,-57.5575,298.15,88,0,3.09
308,Santa Cruz,BO,-17.8,-63.1667,300.15,78,75,9.77
309,Alyangula,AU,-13.8483,136.4192,298.15,100,99,4.83
310,Bengkulu,ID,-3.8004,102.2655,296.54,88,100,1.89
311,Tarakan,ID,3.3,117.6333,299.06,83,77,3.87
312,Logansport,US,40.7545,-86.3567,273.15,100,90,4.63
313,Naryan-Mar,RU,67.6713,53.087,243.93,84,100,4.66
314,Mastic Beach,US,40.7668,-72.8521,274.82,86,90,2.06
315,Escanaba,US,45.7453,-87.0646,268.15,63,90,5.14
316,Pangnirtung,CA,66.1451,-65.7125,253.15,84,1,2.06
317,Cristalina,BR,-16.7686,-47.6136,295.26,88,100,2.37
318,Divicani,BA,44.3667,17.3261,273.15,93,0,2.57
319,Ambilobe,MG,-13.2,49.05,297.9,89,85,0.41
320,Lahad Datu,MY,5.0268,118.327,296.61,94,100,2.78
321,Hofn,IS,64.2539,-15.2082,269.49,90,13,10.47
322,Sur,OM,22.5667,59.5289,291.74,65,0,1.3
323,Los Llanos De Aridane,ES,28.6585,-17.9182,291.15,72,40,4.63
324,Krasnyy Kholm,RU,58.0607,37.1203,273.71,97,100,7.07
325,Olafsvik,IS,64.8945,-23.7142,270.36,87,100,9.7
326,Yumen,CN,40.2833,97.2,266.23,78,0,12.76
327,Derzhavinsk,KZ,51.1,66.3167,269.98,98,100,5.44
328,Nalut,LY,30.3333,10.85,284.06,62,5,5.73
329,Chapais,CA,49.7834,-74.8492,265.15,73,75,1.54
330,Benjamin Hill,MX,30.1667,-111.1,284.82,56,100,6.26
331,Jimenez,MX,28.3333,-105.4,291.15,7,1,14.4
332,Anadyr,RU,64.75,177.4833,250.37,77,0,2.0
333,Santa Vitoria Do Palmar,BR,-33.5189,-53.3681,301.12,59,91,1.69
334,Kisangani,CD,0.5167,25.2,296.35,83,98,0.67
335,Lar,IN,26.2039,83.9717,282.16,52,0,2.4
336,Laredo,US,27.5064,-99.5075,301.15,36,1,1.54
337,Xuddur,SO,4.1213,43.8894,297.08,40,0,6.6
338,Novo Oriente,BR,-5.5344,-40.7742,303.67,50,100,2.16
339,Salalah,OM,17.0151,54.0924,294.15,68,0,2.06
340,Charagua,BO,-19.8,-63.2167,306.15,46,40,5.47
341,Batagay-Alyta,RU,67.8006,130.4114,232.94,80,0,0.32
342,Lichinga,MZ,-13.3128,35.2406,290.93,100,75,3.6
343,Maxixe,MZ,-23.8597,35.3472,300.15,89,20,2.57
344,Nakhon Thai,TH,17.1006,100.8374,295.45,49,1,1.36
345,Bogashevo,RU,56.3683,85.1447,247.15,76,20,3.0
346,Singaraja,ID,-8.112,115.0882,299.51,74,100,2.14
347,Pundaguitan,PH,6.3711,126.1689,300.18,80,100,5.43
348,Quartucciu,IT,39.2519,9.1794,281.48,81,20,3.6
349,Liberia,LR,6.5,-9.5,297.7,79,0,2.7
350,Newport,GB,51.5877,-2.9984,279.82,98,100,0.45
351,Saldanha,ZA,-33.0117,17.9442,292.15,77,0,6.17
352,Sao Jose Da Coroa Grande,BR,-8.8978,-35.1478,300.05,74,6,4.75
353,Redmond,US,47.674,-122.1215,279.82,60,71,0.45
354,Quixada,BR,-4.9714,-39.0153,305.52,40,95,2.73
355,Kirkwall,GB,58.9848,-2.9587,275.15,80,20,2.57
356,Vila Velha,BR,-20.3297,-40.2925,303.15,69,20,7.2
357,Camocim,BR,-2.9022,-40.8411,299.93,82,95,5.33
358,Luderitz,NA,-26.6481,15.1594,293.39,64,42,11.58
359,Lagoa,PT,39.05,-27.9833,290.01,85,100,16.5
360,Fort Morgan,US,40.2503,-103.8,264.15,79,90,4.63
361,Kudirkos Naumiestis,LT,54.7731,22.8631,272.7,98,100,8.4
362,Springfield,US,37.2153,-93.2982,274.82,80,90,4.63
363,Ust-Tsilma,RU,65.441,52.1498,254.53,92,100,3.07
364,Bay Roberts,CA,47.5999,-53.2648,274.26,93,100,3.13
365,Tuscaloosa,US,33.2098,-87.5692,293.71,56,94,1.36
366,Severo-Kurilsk,RU,50.6789,156.125,268.83,95,83,10.07
367,Husavik,IS,66.0449,-17.3389,268.15,80,90,2.06
368,Sosva,RU,59.1766,61.8558,268.64,95,82,3.7
369,Ploemeur,FR,47.7333,-3.4333,284.15,100,90,5.14
370,Follonica,IT,42.9263,10.7616,283.15,81,0,0.51
371,Tulun,RU,54.5611,100.5792,242.15,86,89,0.94
372,Vila Franca Do Campo,PT,37.7167,-25.4333,290.15,88,75,7.2
373,Cidreira,BR,-30.1811,-50.2056,299.6,76,60,5.59
374,Ishikari,JP,43.2397,141.3539,274.26,98,100,6.08
375,Trincomalee,LK,8.5711,81.2335,298.33,70,99,5.65
376,Broken Hill,AU,-31.95,141.4333,289.15,77,0,5.14
377,Atar,MR,20.5169,-13.0499,296.11,18,0,3.21
378,Airai,TL,-8.9266,125.4092,288.56,100,97,1.33
379,Atikokan,CA,48.7555,-91.6216,256.57,90,82,2.02
380,Buala,SB,-8.145,159.5921,301.43,78,84,6.07
381,Chaumont,FR,48.1167,5.1333,273.15,90,100,2.7
382,Port Hardy,CA,50.6996,-127.4199,279.15,81,75,12.35
383,Muravlenko,RU,63.7898,74.523,245.89,89,100,2.0
384,Phangnga,TH,8.4509,98.5298,299.15,73,20,5.66
385,Wexford,IE,52.3342,-6.4575,282.59,100,20,1.03
386,Saint-Augustin,CA,51.226,-58.6502,271.81,92,24,6.28
387,Trstenik,RS,43.6169,21.0025,274.15,86,40,1.54
388,Thurso,GB,58.5927,-3.5259,277.15,87,90,4.12
389,Honningsvag,NO,70.9821,25.9704,270.15,68,100,11.32
390,Kuna,US,43.4918,-116.4201,277.04,75,90,3.67
391,Shenjiamen,CN,29.9576,122.298,281.54,90,81,5.19
392,Te Anau,NZ,-45.4167,167.7167,289.69,82,100,3.15
393,Cayenne,GF,4.9333,-52.3333,299.15,89,75,5.14
394,Hualmay,PE,-11.0964,-77.6139,297.61,67,99,5.06
395,Nanakuli,US,21.3906,-158.1547,298.15,69,1,3.6
396,Ambunti,PG,-4.2365,142.8448,296.68,97,100,0.99
397,Yarmouth,US,41.7057,-70.2286,275.37,64,90,1.54
398,Slantsy,RU,59.1182,28.0914,274.13,93,98,3.56
399,Pasni,PK,25.2631,63.471,291.96,39,0,2.31
400,Imbituba,BR,-28.24,-48.6703,301.15,65,75,5.14
401,Srandakan,ID,-7.9386,110.2506,298.08,88,100,3.59
402,Tambura,SS,5.6,27.4667,297.87,34,0,1.78
403,Nieuw Amsterdam,SR,5.8833,-55.0833,302.15,70,40,5.14
404,Dzaoudzi,YT,-12.7887,45.2699,300.15,78,0,1.54
405,Rio Hato,PA,8.3833,-80.1667,306.15,49,20,7.2
406,Maua,BR,-23.6678,-46.4614,303.15,61,75,5.14
407,Antofagasta,CL,-23.65,-70.4,297.04,64,20,8.23
408,Terme,TR,41.2092,36.9739,288.15,36,75,3.09
409,Talcahuano,CL,-36.7167,-73.1167,295.15,43,0,8.75
410,Norman Wells,CA,65.282,-126.8329,246.15,83,75,1.54
411,Goundam,ML,16.4145,-3.6708,295.53,15,0,4.38
412,Buchanan,LR,5.8808,-10.0467,300.15,89,40,3.62
413,Alekseyevka,RU,50.6309,38.6903,275.4,89,100,8.06
414,Aalst,BE,50.9433,4.0735,276.48,74,100,1.34
415,Marsa Matruh,EG,31.3525,27.2453,289.15,36,0,5.14
416,Kempele,FI,64.9131,25.5034,269.82,93,90,2.06
417,Puerto Narino,CO,-3.7703,-70.3831,304.15,79,40,3.09
418,La Reforma,MX,25.0833,-108.05,298.71,48,100,2.68
419,Petatlan,MX,17.5167,-101.2667,303.15,66,1,3.14
420,Inuvik,CA,68.3499,-133.7218,249.15,84,86,2.06
421,Obo,CF,5.3998,26.4869,295.69,35,0,1.23
422,Dulce Grande,MX,23.0,-102.1667,292.15,24,75,11.83
423,Zdvinsk,RU,54.7021,78.661,260.69,96,100,4.63
424,Faxinal,BR,-24.0003,-51.3194,295.56,96,100,1.73
425,Muskegon,US,43.3,-86.1334,272.04,74,90,5.66
426,Urucara,BR,-2.5364,-57.76,301.01,81,100,1.17
427,Derventa,BA,44.9772,17.9103,273.15,93,0,2.57
428,Lompoc,US,34.6391,-120.4579,285.37,47,12,5.14
429,Yulara,AU,-25.2406,130.9889,297.15,88,75,4.12
430,Ajdabiya,LY,30.7554,20.2263,290.59,65,31,6.1
431,Butterworth,MY,5.3991,100.3638,299.82,94,20,1.8
432,Visnes,NO,59.3556,5.2242,269.15,93,4,3.6
433,Tigil,RU,57.8,158.6667,254.43,93,100,1.72
434,Tual,ID,-5.6667,132.75,301.64,77,100,10.07
435,Jumla,NP,29.2747,82.1838,273.23,49,0,2.05
436,Mbalmayo,CM,3.5167,11.5,298.15,83,20,0.51
437,Ryotsu,JP,38.0833,138.4333,281.4,91,100,5.05
438,Tawau,MY,4.2498,117.8871,297.15,94,20,1.03
439,Hiriyur,IN,13.9456,76.6192,292.67,43,0,3.39
440,Linhares,BR,-19.3911,-40.0722,301.33,62,7,4.16
441,Aswan,EG,24.0934,32.907,290.15,26,16,2.82
442,Ketchikan,US,55.3422,-131.6461,273.15,69,1,3.09
443,Polunochnoye,RU,60.8697,60.4153,267.44,95,71,3.42
444,Vila Do Maio,CV,15.1333,-23.2167,296.15,60,0,6.69
445,Bambanglipuro,ID,-7.95,110.2833,298.01,88,100,3.56
446,Wadi Maliz,TN,36.4681,8.5495,284.15,58,40,3.6
447,Tonota,BW,-21.4833,27.4833,294.15,100,40,1.54
448,Pincher Creek,CA,49.4833,-113.952,264.82,79,20,1.03
449,Aksarka,RU,66.5606,67.7975,238.21,82,3,4.89
450,Rorvik,NO,64.8621,11.2373,273.15,100,75,4.12
451,Bathsheba,BB,13.2167,-59.5167,300.15,65,40,8.75
452,Mumbwa,ZM,-14.9783,27.0619,290.57,95,100,2.56
453,Nyurba,RU,63.2842,118.3319,226.78,76,53,0.65
454,Amga,RU,60.8953,131.9608,226.41,73,99,1.23
455,Ust-Barguzin,RU,53.45,108.9833,250.83,89,100,3.29
456,Yerbogachen,RU,61.2767,108.0108,231.39,80,98,0.88
457,Alofi,NU,-19.0595,-169.9187,298.15,94,90,3.09
458,Synya,RU,65.3718,58.0387,246.63,88,100,3.68
459,Skreia,NO,60.65,10.9333,260.15,92,75,1.03
460,Nakamura,JP,32.9833,132.9333,285.45,92,35,2.51
461,Farah,AF,32.5,62.5,276.3,54,0,0.21
462,Quelimane,MZ,-17.8786,36.8883,301.15,83,20,1.54
463,Ust-Kuyga,RU,70.0167,135.6,229.94,76,53,0.67
464,Sungaipenuh,ID,-2.0833,101.3833,290.94,94,100,0.46
465,Hudiksvall,SE,61.729,17.1036,263.66,94,100,2.39
466,Southend-On-Sea,GB,51.5378,0.7143,278.15,95,100,2.24
467,Kaoma,ZM,-14.7833,24.8,291.69,94,100,2.92
468,Oranjestad,AW,12.524,-70.027,298.15,83,40,7.72
469,Aksay,RU,47.26,39.87,275.15,93,20,8.0
470,Tongliao,CN,43.6125,122.2653,254.81,84,0,4.03
471,Ayan,RU,56.45,138.1667,250.33,86,100,3.6
472,Kamenka,RU,51.3223,42.7678,274.17,96,100,6.71
473,Great Falls,US,47.5002,-111.3008,267.04,73,1,3.09
474,San Pedro,PH,14.35,121.0167,299.15,83,75,1.03
475,Hattiesburg,US,31.3271,-89.2903,293.71,56,75,2.57
476,San Andres,CO,12.5847,-81.7006,303.15,62,20,5.66
477,Kidal,ML,18.4411,1.4078,294.01,17,0,4.07
478,Puerto Carreno,CO,6.189,-67.4859,307.04,39,62,5.74
479,Praia Da Vitoria,PT,38.7333,-27.0667,290.37,88,40,13.55
480,Namibe,AO,-15.1961,12.1522,298.23,73,0,3.5
481,Karpathos,GR,35.507,27.2132,290.15,72,100,11.32
482,Kaprijke,BE,51.208,3.6273,276.48,77,100,1.79
483,Bulgan,MN,48.8125,103.5347,248.72,77,3,1.76
484,Tevriz,RU,57.509,72.4042,273.47,97,100,4.96
485,Bougouni,ML,11.417,-7.479,299.45,15,0,1.87
486,Jinchang,CN,38.4953,102.1739,267.01,72,0,2.56
487,Teguise,ES,29.0605,-13.564,292.15,72,20,9.26
488,Kabala,SL,9.5833,-11.55,298.49,18,0,1.21
489,Flin Flon,CA,54.7682,-101.865,251.15,77,20,1.54
490,Lumeje,AO,-11.55,20.7833,292.27,90,100,3.36
491,Verkhnetulomskiy,RU,68.6073,31.7962,263.15,85,75,4.0
492,Coahuayana,MX,18.7333,-103.6833,301.15,36,40,2.9
493,Muros,ES,42.7762,-9.0603,288.15,96,100,0.45
494,Zyryanka,RU,65.75,150.85,237.91,83,100,3.8
495,Kyren,RU,51.6828,102.1408,247.34,74,80,0.56
496,Itoigawa,JP,37.0333,137.85,279.26,90,100,4.46
497,Usinsk,RU,65.9939,57.5281,244.32,85,100,6.5
498,Atkinson,US,42.8384,-71.147,274.26,55,90,2.64
499,Kolokani,ML,13.5728,-8.0339,297.76,15,66,3.76
500,Chifeng,CN,42.2683,118.9636,255.74,83,0,2.34
501,Mikhaylovka,RU,50.06,43.2379,274.26,95,100,3.13
502,Gat,IL,31.61,34.7642,285.93,76,0,1.03
503,Sinnamary,GF,5.3833,-52.95,299.37,81,79,6.46
504,Fort Nelson,CA,58.8053,-122.7002,252.15,71,75,3.09
505,Aguimes,ES,27.9054,-15.4461,292.15,77,20,9.26
506,Mitsamiouli,KM,-11.3847,43.2844,300.31,68,29,1.13
507,Lucapa,AO,-8.4192,20.7447,291.2,93,100,0.63
508,Bambous Virieux,MU,-20.3428,57.7575,297.59,83,20,3.09
509,Ewa Beach,US,21.3156,-158.0072,298.15,69,1,3.6
510,Makhachkala,RU,42.9764,47.5024,273.15,93,20,3.0
511,Santiago,CL,-33.4569,-70.6483,304.82,37,20,3.6
512,Daru,PG,-9.0763,143.2092,298.11,90,100,3.98
513,El Roble,CO,9.1019,-75.1951,307.27,40,0,2.6
514,Nioro,GM,13.35,-15.75,301.85,12,0,2.72
515,Nicoya,CR,10.1483,-85.452,306.15,40,0,9.26
516,Klaksvik,FO,62.2266,-6.589,271.15,69,88,3.6
517,High Level,CA,58.5169,-117.136,254.15,84,90,1.03
518,Yola,NG,9.2,12.4833,300.37,17,72,1.02
519,Kaputa,ZM,-8.4689,29.6619,294.8,81,100,2.5
520,Santiago De Cuba,CU,20.0247,-75.8219,301.15,69,40,4.63
521,Kashary,RU,49.04,41.0056,275.0,95,100,5.79
522,Egvekinot,RU,66.3167,-179.1667,246.83,87,62,5.47
523,Knysna,ZA,-34.0363,23.0471,292.15,94,75,2.06
524,Ruteng,ID,-8.6136,120.4721,290.09,100,100,0.7
525,Cambrils,ES,41.0748,1.0524,284.82,87,40,1.03
526,Dijkot,PK,31.2167,72.9833,283.37,40,0,1.2
527,Susehri,TR,40.1644,38.0867,273.08,88,100,2.04
528,Kailua,US,21.4022,-157.7394,298.15,65,75,5.66
529,Wanxian,CN,30.8039,108.3897,283.17,73,99,1.94
530,Tortoli,IT,39.9256,9.6572,280.15,61,0,7.2
531,Waingapu,ID,-9.6567,120.2641,298.52,83,72,3.87
532,Lulea,SE,65.5842,22.1547,263.15,92,90,5.14
533,Lazaro Cardenas,MX,17.9583,-102.2,300.34,64,3,3.66
534,Maceio,BR,-9.6658,-35.7353,299.15,78,75,6.17
535,Harer,ET,9.3094,42.1258,285.85,40,42,2.36
536,Vestmannaeyjar,IS,63.4427,-20.2734,273.0,87,100,9.76
537,Pamplona,ES,42.8169,-1.6432,281.48,87,75,0.51
538,Luwuk,ID,-0.9516,122.7875,298.81,66,100,2.24
539,Roald,NO,62.5833,6.1333,273.15,86,40,2.57
540,Cairns,AU,-16.9167,145.7667,297.15,83,75,5.66
541,Maldonado,UY,-34.6667,-54.9167,302.59,61,75,4.63
542,Sorland,NO,67.667,12.6934,275.15,75,75,8.23
543,Tiarei,PF,-17.5333,-149.3333,302.15,65,75,1.03
544,Nishihara,JP,26.1842,127.7558,291.15,82,75,7.2
545,Rawson,AR,-43.3002,-65.1023,295.08,24,91,4.81
546,Annan,GB,54.9884,-3.2565,278.71,100,90,1.03
547,Ponta Do Sol,PT,32.6667,-17.1,288.71,74,21,2.61
548,Auka,HN,14.9333,-83.8333,305.15,12,75,4.63
549,Ranot,TH,7.7777,100.3213,299.1,78,100,4.27
550,Manono,CD,-7.3,27.4167,294.72,88,98,1.56
551,Merritt Island,US,28.5392,-80.672,301.15,65,20,3.09
552,Pacific Grove,US,36.6177,-121.9166,284.26,54,75,4.12
553,Najran,SA,17.4924,44.1277,287.15,41,0,0.81
554,Kununurra,AU,-15.7667,128.7333,297.15,89,100,2.73
555,Letlhakane,BW,-21.4167,25.5833,296.13,76,100,6.43
556,Casay,PH,9.8204,123.5496,298.21,84,88,3.78
557,Honiara,SB,-9.4333,159.95,299.55,83,93,3.83
558,Nouakchott,MR,18.0858,-15.9785,300.15,6,0,5.14
559,Haines Junction,CA,60.7522,-137.5108,256.15,66,48,2.57
560,Sainte-Maxime,FR,43.3,6.6333,280.93,45,100,3.19
561,Sassandra,CI,4.95,-6.0833,299.05,85,14,3.61
562,Sao Joao Do Piaui,BR,-8.3581,-42.2467,307.48,32,12,2.81
563,Madang,PG,-5.2246,145.7966,297.66,88,100,1.72
564,Coxim,BR,-18.5067,-54.76,306.28,47,71,2.53
565,Yacuiba,BO,-22.038,-63.6797,293.61,91,97,2.89
566,Matadi,CD,-5.8167,13.45,298.7,83,92,1.31
567,Coari,BR,-4.085,-63.1414,300.85,89,100,2.11
568,Loikaw,MM,19.6742,97.2094,287.5,46,47,1.57
569,Beringovskiy,RU,63.05,179.3167,250.72,90,99,5.09
570,Skarnes,NO,60.2528,11.6797,260.93,92,75,1.03
571,Birjand,IR,32.8663,59.2211,270.15,18,0,3.09
572,Sao Miguel Do Araguaia,BR,-13.275,-50.1628,303.52,64,90,1.25
573,Kargasok,RU,59.0556,80.8572,245.49,88,100,6.17
574,Cerro Punta,PA,8.85,-82.5667,293.15,53,16,4.47
575,Liwale,TZ,-9.7667,37.9333,293.7,96,0,1.23
576,Anapskaya,RU,44.89,37.38,285.15,58,100,5.0
577,Petropavlovsk-Kamchatskiy,RU,53.0452,158.6483,267.15,63,100,8.0
578,Bow Island,CA,49.8668,-111.3684,266.15,79,99,5.66
579,Pirovskoye,RU,57.6267,92.2658,234.81,81,35,2.57
580,Faya,SA,18.3851,42.4509,288.15,50,0,1.27
581,General Roca,AR,-39.0333,-67.5833,302.15,21,0,4.12
582,Hay River,CA,60.8156,-115.7999,251.15,71,100,2.06
583,Gamba,GA,-2.65,10.0,298.84,87,100,1.5
584,Porto Novo,BJ,6.4965,2.6036,302.15,79,0,5.14
585,Leninskoye,KZ,41.7589,69.3864,272.15,86,0,1.03
586,Simmerath,DE,50.6,6.3,275.37,93,75,4.12
587,Jinhua,CN,29.1078,119.6547,280.94,86,91,1.15
